"feature","mean_abs_effect","sd_effect"
"NBNIR",0.165332,0.193606630104738
"NRSWIR2",0.100348,0.130185355511838
"NGSWIR1",0.04081,0.0532376693319442
"SI4",0.04027,0.0510016888609256
"Red",0.03575,0.0450864696288115
"VSSI",0.023202,0.032759453362585
"NBSWIR2",0.018108,0.0221075116599511
"SWIR2",0.013828,0.0194540500034944
